{"cameraMode":{"drawMode":0,"name":"Shaded","section":"Shading Mode"},"sceneLighting":true,"audioPlay":false,"sceneViewState":{"m_AlwaysRefresh":false,"showFog":true,"showSkybox":true,"showFlares":true,"showImageEffects":true,"showParticleSystems":true,"showVisualEffectGraphs":true,"m_FxEnabled":true},"in2DMode":false,"pivot":{"x":0.012059986591339112,"y":0.9211544990539551,"z":0.349142849445343},"rotation":{"x":-0.012110891751945019,"y":0.9757761359214783,"z":-0.21114253997802735,"w":-0.05596953257918358},"size":1.4374126195907593,"orthographic":false}