{"cameraMode":{"drawMode":0,"name":"Shaded","section":"Shading Mode"},"sceneLighting":true,"audioPlay":false,"sceneViewState":{"m_AlwaysRefresh":false,"showFog":true,"showSkybox":true,"showFlares":true,"showImageEffects":true,"showParticleSystems":true,"showVisualEffectGraphs":true,"m_FxEnabled":true},"in2DMode":false,"pivot":{"x":-0.0647515058517456,"y":0.8496007919311523,"z":0.000743865966796875},"rotation":{"x":0.009145235642790795,"y":0.9709434509277344,"z":-0.2361644208431244,"w":0.037597887217998508},"size":3.106633186340332,"orthographic":false}